,item1,item2,score
0,8.0,3.0,0.0
1,3.0,8.0,0.0
2,8.0,4.0,0.2857142857142857
3,4.0,8.0,0.2857142857142857
4,8.0,7.0,0.5714285714285714
5,7.0,8.0,0.5714285714285714
6,3.0,4.0,0.0
7,4.0,3.0,0.0
8,3.0,7.0,0.14285714285714285
9,7.0,3.0,0.14285714285714285
10,4.0,7.0,0.2857142857142857
11,7.0,4.0,0.2857142857142857
